{
  "val": {
    "loss": 0.1431613715906297,
    "pkd_mae": 0.9824572012711694,
    "pkd_rmse": 1.2171014995782403,
    "pkd_r2": -0.19493215136955677,
    "kcat_mae": 1.0745169246149129,
    "kcat_rmse": 1.2711225991773532,
    "kcat_r2": 0.27298047012326676
  },
  "test": {
    "loss": 0.1551621769284529,
    "pkd_mae": 1.1011708725309146,
    "pkd_rmse": 1.3889420692041063,
    "pkd_r2": -0.17773373944607784,
    "kcat_mae": 0.8898210442026819,
    "kcat_rmse": 1.0624607590641835,
    "kcat_r2": 0.010180064068078365
  },
  "timestamp": "2026-05-27T17:48:05.874453"
}