{
  "train_losses": [
    0.548570151978392,
    0.33200183401747446,
    0.294969959835696,
    0.27028992856905715,
    0.25132673288263924,
    0.2347067582413433,
    0.22062904260507443,
    0.20686858953014622,
    0.1980432578460957,
    0.19140499721213086,
    0.18278823780819653,
    0.17405880490938822,
    0.16645145749415807,
    0.15994473613374602,
    0.15492645390634616,
    0.14933192045465718,
    0.1445071374376615,
    0.1407614278841794,
    0.13558140760514795,
    0.1328390414516131,
    0.12751332856714725,
    0.12495036847223111,
    0.12316647565704052,
    0.11988737488665231,
    0.11684388788492699,
    0.11456168206726633,
    0.1123743216560139,
    0.10942478381036742,
    0.10799348760184234,
    0.10668957705904798,
    0.10536176965730946,
    0.10364727185266774,
    0.10180409840209698,
    0.10152081436500317,
    0.1007277498521456,
    0.10115447791853571,
    0.10006647278380588,
    0.09888486764053019,
    0.0995650041878708,
    0.09849668451683308,
    0.10439381748437881,
    0.1135176690371056,
    0.10866427573004389,
    0.10855603121160491,
    0.10284678637981415,
    0.09899348123529093,
    0.09466275227505987,
    0.09126679768891839,
    0.08648924453835177,
    0.08435773428499214
  ],
  "val_losses": [
    1.227776937186718,
    1.172826413065195,
    1.1982896625995636,
    1.1296777315437794,
    1.1622256971895695,
    1.1520453840494156,
    1.067021906375885,
    1.0168302096426487,
    1.0567122027277946,
    1.0197876803576946,
    1.016938455402851,
    1.0234708599746227,
    1.053788211196661,
    1.0324844047427177,
    1.051456406712532,
    1.078645121306181,
    1.0370611622929573,
    1.0745727308094501,
    1.0781415402889252,
    1.094269547611475,
    1.0574763491749763,
    1.012556541711092,
    1.0715864151716232,
    1.0609582252800465,
    1.0563267059624195,
    1.0853168554604053,
    1.0674855411052704,
    1.0512742064893246,
    1.0514176450669765,
    1.0871861651539803,
    1.0654422454535961,
    1.084518939256668,
    1.0815940350294113,
    1.0909289717674255,
    1.0918087996542454,
    1.0804744400084019,
    1.0808513835072517,
    1.090809054672718,
    1.0833485014736652,
    1.0835957005620003,
    1.1557760462164879,
    1.0170304626226425,
    1.0120663028210402,
    1.1326434314250946,
    1.0288996063172817,
    1.0715670846402645,
    1.1087692007422447,
    1.032772310078144,
    1.025985237210989,
    1.0207566134631634
  ],
  "test_losses": {
    "L_ts": 0.7759294435381889,
    "L_catalysis": 0.3519711241242476,
    "L_barrier": 0.0,
    "L_progress": 0.0,
    "total": 1.096343731507659
  }
}