{
  "Full Model": {
    "pkd": {
      "MSE": 0.9985977671599556,
      "MAE": 0.4437052837005525,
      "Pearson_r": 0.8477131221114619,
      "Spearman_rho": 0.8948343762440603,
      "R2": 0.7029520396991182
    },
    "kcat": {
      "MSE": 1.1398351937311857,
      "MAE": 0.7742525244993022,
      "Pearson_r": 0.6841348987391441,
      "Spearman_rho": 0.6705568728275536,
      "R2": 0.4576846514321594
    }
  },
  "No Gate": {
    "pkd": {
      "MSE": 0.9985977697794414,
      "MAE": 0.44370528136470827,
      "Pearson_r": 0.8477131216962656,
      "Spearman_rho": 0.8948343759844835,
      "R2": 0.7029520389199126
    },
    "kcat": {
      "MSE": 1.1398352031328975,
      "MAE": 0.7742525271287314,
      "Pearson_r": 0.6841348954656212,
      "Spearman_rho": 0.6705563779616578,
      "R2": 0.45768464695897537
    }
  },
  "No Cofactor": {
    "pkd": {
      "MSE": 1.0155683358911058,
      "MAE": 0.4588334351661238,
      "Pearson_r": 0.8437807907034565,
      "Spearman_rho": 0.8875473086301928,
      "R2": 0.6979038881885544
    },
    "kcat": {
      "MSE": 1.2165688580650456,
      "MAE": 0.8045401041282153,
      "Pearson_r": 0.6594675009079911,
      "Spearman_rho": 0.6426625172727308,
      "R2": 0.421176001630003
    }
  },
  "No Ligand GNN": {
    "pkd": {
      "MSE": 3.2017223753521242,
      "MAE": 1.279261999371891,
      "Pearson_r": 0.3683816703092936,
      "Spearman_rho": 0.3709250438317195,
      "R2": 0.04759941156998304
    },
    "kcat": {
      "MSE": 1.4655626415569811,
      "MAE": 0.8990067551537985,
      "Pearson_r": 0.566192267879411,
      "Spearman_rho": 0.559679123112185,
      "R2": 0.30270874318044494
    }
  },
  "No Ligand + Cofactor": {
    "pkd": {
      "MSE": 3.0444545199235824,
      "MAE": 1.2689317385003185,
      "Pearson_r": 0.37944999663481666,
      "Spearman_rho": 0.3587582867534753,
      "R2": 0.09438110607427219
    },
    "kcat": {
      "MSE": 1.5146426500578036,
      "MAE": 0.9132755897210402,
      "Pearson_r": 0.5420366100193657,
      "Spearman_rho": 0.5340987825634171,
      "R2": 0.27935726038343867
    }
  },
  "ODE Steps = 1": {
    "pkd": {
      "MSE": 0.9985977672807601,
      "MAE": 0.443705281388652,
      "Pearson_r": 0.8477131217867632,
      "Spearman_rho": 0.8948343846513898,
      "R2": 0.7029520396631831
    },
    "kcat": {
      "MSE": 1.1398351883744129,
      "MAE": 0.7742525217583214,
      "Pearson_r": 0.6841348995183303,
      "Spearman_rho": 0.670556770975892,
      "R2": 0.45768465398082614
    }
  },
  "No BINN (skip ODE)": {
    "pkd": {
      "MSE": 15.980914250584144,
      "MAE": 3.482914923370256,
      "Pearson_r": 0.2313060995083633,
      "Spearman_rho": 0.25855806068201853,
      "R2": -3.7537638656855963
    },
    "kcat": {
      "MSE": 25.30627373312248,
      "MAE": 4.339645629047255,
      "Pearson_r": -0.01813401901514204,
      "Spearman_rho": -0.017459590174376694,
      "R2": -11.040320158572081
    }
  }
}