{
  "Trenzition": {
    "pkd": {
      "MSE": 0.9985977678030086,
      "MAE": 0.4437052827821773,
      "Pearson_r": 0.8477131220507386,
      "Spearman_rho": 0.8948343962913399,
      "R2": 0.7029520395078324
    },
    "kcat": {
      "MSE": 1.1398351937982045,
      "MAE": 0.7742525259733761,
      "Pearson_r": 0.6841348983938604,
      "Spearman_rho": 0.670556315159784,
      "R2": 0.4576846514002729
    }
  },
  "Baselines": {
    "pkd": {
      "Mean": {
        "MSE": 3.4029358986283222,
        "MAE": 1.4470632148699418,
        "Pearson_r": -3.542480051369e-16,
        "Spearman_rho": NaN,
        "R2": -0.012254577059568561
      },
      "Ridge": {
        "MSE": 3.0581128450728703,
        "MAE": 1.2948277176594938,
        "Pearson_r": 0.43355051305339937,
        "Spearman_rho": 0.45763079584605204,
        "R2": 0.09031823789644056
      },
      "MLP": {
        "MSE": 2.6188968813930207,
        "MAE": 1.103084128246086,
        "Pearson_r": 0.5033845688527642,
        "Spearman_rho": 0.5361820593183142,
        "R2": 0.22096964679655184
      },
      "RandomForest": {
        "MSE": 2.584175384424331,
        "MAE": 1.1461041312597824,
        "Pearson_r": 0.4818983803857851,
        "Spearman_rho": 0.5014030715191816,
        "R2": 0.23129807944292735
      }
    },
    "kcat": {
      "Mean": {
        "MSE": 2.1034573426038294,
        "MAE": 1.1270128306209524,
        "Pearson_r": NaN,
        "Spearman_rho": NaN,
        "R2": -0.0007913462047521858
      },
      "Ridge": {
        "MSE": 1.6093611948784012,
        "MAE": 0.9603653133621691,
        "Pearson_r": 0.5184028279345959,
        "Spearman_rho": 0.5152403904630702,
        "R2": 0.2342916948540209
      },
      "MLP": {
        "MSE": 1.3775148373064103,
        "MAE": 0.8606415399294682,
        "Pearson_r": 0.6055686200171004,
        "Spearman_rho": 0.586834631907607,
        "R2": 0.3446004820148366
      },
      "RandomForest": {
        "MSE": 1.3055984591868073,
        "MAE": 0.8439790713444479,
        "Pearson_r": 0.617430371207779,
        "Spearman_rho": 0.6007034870654412,
        "R2": 0.3788171439906831
      }
    }
  }
}