{
  "gate": {
    "pos_mean": 0.6547173261642456,
    "neg_mean": 0.6027775406837463,
    "pos_median": 0.7172583937644958,
    "neg_median": 0.6474633812904358,
    "pos_std": 0.2724253237247467,
    "neg_std": 0.293512761592865,
    "diff": 0.05193978548049927
  },
  "metrics": {
    "pkd": {
      "N": 1837,
      "MSE": 3.0839545726776123,
      "MAE": 1.2481038570404053,
      "R2": 0.09597796201705933,
      "Spearman": 0.8127007046731872,
      "Pearson": 0.698204517364502
    },
    "kcat": {
      "N": 2433,
      "MSE": 13.725228309631348,
      "MAE": 3.422290802001953,
      "R2": -5.636668682098389,
      "Spearman": 0.4368840063452538,
      "Pearson": 0.45097610354423523
    }
  }
}