{
  "config": {
    "max_samples": 2000,
    "epochs": 5,
    "lr": 5e-05,
    "gate_weight": 0.02,
    "note": "Finetuned from best.ckpt on metadata_with_negatives.parquet"
  },
  "With_Gate": {
    "pkd": {
      "N": 304,
      "MSE": 2.6676981449127197,
      "MAE": 1.2077674865722656,
      "R2": 0.13782715797424316,
      "Pearson_r": 0.7724484205245972,
      "Spearman_rho": 0.7920112670428432
    },
    "kcat": {
      "N": 500,
      "MSE": 12.383068084716797,
      "MAE": 3.201488971710205,
      "R2": -4.074431896209717,
      "Pearson_r": 0.4509428143501282,
      "Spearman_rho": 0.4428443709736147
    },
    "gate": {
      "pos_mean": 0.5924317240715027,
      "neg_mean": NaN,
      "pos_median": 0.6559022665023804,
      "neg_median": NaN,
      "pos_std": 0.3092157542705536,
      "neg_std": NaN,
      "gate_diff": NaN
    }
  },
  "Without_Gate": {
    "pkd": {
      "N": 304,
      "MSE": 2.5666396617889404,
      "MAE": 1.1739232540130615,
      "R2": 0.17048823833465576,
      "Pearson_r": 0.7767598628997803,
      "Spearman_rho": 0.79134505868961
    },
    "kcat": {
      "N": 500,
      "MSE": 12.795719146728516,
      "MAE": 3.2447564601898193,
      "R2": -4.243531227111816,
      "Pearson_r": 0.44590798020362854,
      "Spearman_rho": 0.4335724611526894
    }
  }
}