{
  "Trenzition": {
    "pkd": {
      "MSE": 0.998597775199904,
      "MAE": 0.4437052693098363,
      "Pearson_r": 0.8477131197031298,
      "Spearman_rho": 0.8948342938680011,
      "R2": 0.7029520373075142
    },
    "kcat": {
      "MSE": 1.139835177148169,
      "MAE": 0.7742525013603252,
      "Pearson_r": 0.6841348915723834,
      "Spearman_rho": 0.6705563633556622,
      "R2": 0.45768465932209335
    }
  },
  "Baselines": {
    "pkd": {
      "Mean": {
        "MSE": 3.394157886505127,
        "MAE": 1.4407706260681152,
        "Pearson_r": "nan",
        "Spearman_rho": NaN,
        "R2": -0.00964343547821045
      },
      "Ridge_ESM2only": {
        "MSE": 2.973583459854126,
        "MAE": 1.273874044418335,
        "Pearson_r": "0.4405121",
        "Spearman_rho": 0.46227234685058133,
        "R2": 0.11546272039413452
      },
      "XGB_MorganOnly": {
        "MSE": 1.4982311725616455,
        "MAE": 0.7536588311195374,
        "Pearson_r": "0.7462947",
        "Spearman_rho": 0.785408630297946,
        "R2": 0.5543285608291626
      },
      "XGB_ESM2+Morgan": {
        "MSE": 1.4077625274658203,
        "MAE": 0.7448854446411133,
        "Pearson_r": "0.7718109",
        "Spearman_rho": 0.8091023119353108,
        "R2": 0.5812398195266724
      },
      "MLP_ESM2+Morgan": {
        "MSE": 1.1071059703826904,
        "MAE": 0.49617743492126465,
        "Pearson_r": "0.82261896",
        "Spearman_rho": 0.8836192201845815,
        "R2": 0.6706746220588684
      }
    },
    "kcat": {
      "Mean": {
        "MSE": 2.104640007019043,
        "MAE": 1.1266380548477173,
        "Pearson_r": "nan",
        "Spearman_rho": NaN,
        "R2": -0.0013540983200073242
      },
      "Ridge_ESM2only": {
        "MSE": 1.5364643335342407,
        "MAE": 0.9379044771194458,
        "Pearson_r": "0.540763",
        "Spearman_rho": 0.5347587432232735,
        "R2": 0.26897484064102173
      },
      "XGB_MorganOnly": {
        "MSE": 1.716474175453186,
        "MAE": 1.000108003616333,
        "Pearson_r": "0.44092155",
        "Spearman_rho": 0.4176296655469693,
        "R2": 0.1833290457725525
      },
      "XGB_ESM2+Morgan": {
        "MSE": 1.297167181968689,
        "MAE": 0.8499804735183716,
        "Pearson_r": "0.62618107",
        "Spearman_rho": 0.6138387146849388,
        "R2": 0.38282859325408936
      },
      "MLP_ESM2+Morgan": {
        "MSE": 1.2489814758300781,
        "MAE": 0.7979637384414673,
        "Pearson_r": "0.6556503",
        "Spearman_rho": 0.6376568287011758,
        "R2": 0.40575456619262695
      }
    }
  },
  "Ranking_Metrics": {
    "Trenzition_pkd": {
      "NDCG@5": 0.9309580423249372,
      "NDCG@10": 0.9159768403535399,
      "NDCG@20": 0.8986115972557129,
      "MRR": 0.40293160050248894,
      "Top5_Recall": 0.7176684881602914,
      "Top10_Recall": 0.8274647887323944,
      "Top20_Recall": 0.8761904761904762
    },
    "Trenzition_kcat": {
      "NDCG@5": 0.45496846270888996,
      "NDCG@10": 0.3832310978911211,
      "NDCG@20": -0.1811058488044531,
      "MRR": 0.31798876891691585,
      "Top5_Recall": 0.5673352435530086,
      "Top10_Recall": 0.6683417085427136,
      "Top20_Recall": 0.7176470588235294
    },
    "XGB_ESM2+Morgan_pkd": {
      "NDCG@5": 0.8829149420106122,
      "NDCG@10": 0.8641527840926589,
      "NDCG@20": 0.8566531104022883,
      "MRR": 0.36773939502372577,
      "Top5_Recall": 0.6612021857923497,
      "Top10_Recall": 0.8063380281690141,
      "Top20_Recall": 0.8476190476190476
    },
    "XGB_ESM2+Morgan_kcat": {
      "NDCG@5": 0.4189764428368113,
      "NDCG@10": 0.3022892902908624,
      "NDCG@20": -0.2335794076498312,
      "MRR": 0.27942669405076576,
      "Top5_Recall": 0.4899713467048711,
      "Top10_Recall": 0.6180904522613065,
      "Top20_Recall": 0.6705882352941176
    }
  }
}