{
  "train_losses": [
    7.10436475276947
  ],
  "val_losses": [
    1.0778446197509766
  ],
  "test_losses": {
    "L_ts": 0.04898319020867348,
    "L_catalysis": 0.06576669216156006,
    "L_eyring": 1.0220438241958618,
    "total": 1.1367937326431274,
    "log10_prefactor": 12.493040084838867
  }
}